Date,Index Code,Index Name(Eng.),Constituent Code,Constituent Name(Eng.),Exchange,Weight(%),Trading Currency
2014-12-01,000300,CSI 300,000001,"Ping An Bank Co., Ltd.",Shenzhen,1.07,CNY
2014-12-01,000300,CSI 300,000002,China Vanke Co Ltd,Shenzhen,1.58,CNY
2014-12-01,000300,CSI 300,000009,"China Baoan Group Co.,Ltd.",Shenzhen,0.30,CNY
2014-12-01,000300,CSI 300,000012,CSG Holding Co Ltd,Shenzhen,0.17,CNY
2014-12-01,000300,CSI 300,000024,China Merchants Property Development Co Ltd,Shenzhen,0.27,CNY
2014-12-01,000300,CSI 300,000027,Shenzhen Energy Group Co Ltd,Shenzhen,0.11,CNY
2014-12-01,000300,CSI 300,000039,China International Marine Containers (Group) Co Ltd,Shenzhen,0.23,CNY
2014-12-01,000300,CSI 300,000060,Shenzhen Zhongjin Lingnan Nonfemet Co Ltd,Shenzhen,0.18,CNY
2014-12-01,000300,CSI 300,000061,Shenzhen Agricultural Products Co Ltd,Shenzhen,0.24,CNY
2014-12-01,000300,CSI 300,000063,ZTE Corporation,Shenzhen,0.47,CNY
2014-12-01,000300,CSI 300,000069,Shenzhen Overseas Chinese Town Co Ltd,Shenzhen,0.35,CNY
2014-12-01,000300,CSI 300,000100,TCL Corporation,Shenzhen,0.39,CNY
2014-12-01,000300,CSI 300,000156,"WASU MEDIA HOLDING CO., LTD",Shenzhen,0.03,CNY
2014-12-01,000300,CSI 300,000157,Zoomlion Heavy Industry Science & Technology Co Ltd,Shenzhen,0.35,CNY
2014-12-01,000300,CSI 300,000333,"Midea Group CO., LTD",Shenzhen,0.60,CNY
2014-12-01,000300,CSI 300,000338,Wei Chai Power Co Ltd,Shenzhen,0.36,CNY
2014-12-01,000300,CSI 300,000400,XJ Electric Co Ltd,Shenzhen,0.18,CNY
2014-12-01,000300,CSI 300,000401,Tangshan Jidong Cement Co Ltd,Shenzhen,0.09,CNY
2014-12-01,000300,CSI 300,000402,Financial Street Holding Co Ltd,Shenzhen,0.28,CNY
2014-12-01,000300,CSI 300,000413,"Dongxu Optoelectronic Technology Co., Ltd.",Shenzhen,0.09,CNY
2014-12-01,000300,CSI 300,000423,Shandong Dong-Ee Jiao Co Ltd,Shenzhen,0.29,CNY
2014-12-01,000300,CSI 300,000425,XCMG Construction Machinery Co Ltd,Shenzhen,0.20,CNY
2014-12-01,000300,CSI 300,000503,Searainbow Holding Corp,Shenzhen,0.32,CNY
2014-12-01,000300,CSI 300,000536,CPT Technology (Group) Co Ltd,Shenzhen,0.09,CNY
2014-12-01,000300,CSI 300,000538,"Yunnan Baiyao Group Co., Ltd.",Shenzhen,0.46,CNY
2014-12-01,000300,CSI 300,000562,Hong Yuan Securities Co Ltd,Shenzhen,0.42,CNY
2014-12-01,000300,CSI 300,000568,Luzhou Lao Jiao Co Ltd,Shenzhen,0.20,CNY
2014-12-01,000300,CSI 300,000581,Weifu High-Technology Group Co Ltd,Shenzhen,0.24,CNY
2014-12-01,000300,CSI 300,000598,Chengdu Xingrong Investment Co Ltd,Shenzhen,0.17,CNY
2014-12-01,000300,CSI 300,000623,"Jilin Aodong Pharmaceutical Group Co., Ltd.",Shenzhen,0.32,CNY
2014-12-01,000300,CSI 300,000625,Chongqing Changan Automobile Co Ltd,Shenzhen,0.43,CNY
2014-12-01,000300,CSI 300,000629,"Pangang Group Vanadium Titanium & Resources Co., Ltd.",Shenzhen,0.21,CNY
2014-12-01,000300,CSI 300,000630,Tongling Nonferrous Metals Group Co. Ltd,Shenzhen,0.14,CNY
2014-12-01,000300,CSI 300,000651,"Gree Electric Appliances,Inc. of Zhuhai",Shenzhen,1.17,CNY
2014-12-01,000300,CSI 300,000656,"Jinke Property Group Co.,Ltd.",Shenzhen,0.10,CNY
2014-12-01,000300,CSI 300,000686,Northeast Securities Co Ltd,Shenzhen,0.22,CNY
2014-12-01,000300,CSI 300,000709,"Hebei Iron & Steel Co., Ltd",Shenzhen,0.19,CNY
2014-12-01,000300,CSI 300,000718,Suning Universal Co Ltd,Shenzhen,0.07,CNY
2014-12-01,000300,CSI 300,000725,BOE Technology Group Co Ltd,Shenzhen,0.43,CNY
2014-12-01,000300,CSI 300,000728,Guoyuan Securities Company Limited,Shenzhen,0.32,CNY
2014-12-01,000300,CSI 300,000729,Beijing Yanjing Brewery Co Ltd,Shenzhen,0.16,CNY
2014-12-01,000300,CSI 300,000750,"Sealand Securities Co., Ltd.",Shenzhen,0.16,CNY
2014-12-01,000300,CSI 300,000758,China Nonferrous Metal Industry's Foreign Engineering & Construction Corp,Shenzhen,0.11,CNY
2014-12-01,000300,CSI 300,000768,"Avic Aircraft Co.,Ltd.",Shenzhen,0.30,CNY
2014-12-01,000300,CSI 300,000776,"GF Securities Co., Ltd.",Shenzhen,0.83,CNY
2014-12-01,000300,CSI 300,000778,Xinxing Ductile Iron Pipes Co Ltd,Shenzhen,0.17,CNY
2014-12-01,000300,CSI 300,000783,Changjiang Securities Company Limited,Shenzhen,0.50,CNY
2014-12-01,000300,CSI 300,000792,Qinghai Salt Lake Industry Co Ltd,Shenzhen,0.21,CNY
2014-12-01,000300,CSI 300,000793,Huawen Media Investment Corp,Shenzhen,0.21,CNY
2014-12-01,000300,CSI 300,000800,FAW Car Co Ltd,Shenzhen,0.15,CNY
2014-12-01,000300,CSI 300,000826,Sound Environmental Resources Co Ltd,Shenzhen,0.19,CNY
2014-12-01,000300,CSI 300,000831,"China Minmetals Rare Earth Co., Ltd.",Shenzhen,0.22,CNY
2014-12-01,000300,CSI 300,000839,CITIC Guoan Information Industry Co Ltd,Shenzhen,0.14,CNY
2014-12-01,000300,CSI 300,000858,Wuliangye Yibin Co Ltd,Shenzhen,0.55,CNY
2014-12-01,000300,CSI 300,000869,Yantai Changyu Pioneer Wine Co Ltd,Shenzhen,0.06,CNY
2014-12-01,000300,CSI 300,000876,"NEW HOPE LIUHE CO., LTD",Shenzhen,0.14,CNY
2014-12-01,000300,CSI 300,000878,Yunnan Copper Co Ltd,Shenzhen,0.13,CNY
2014-12-01,000300,CSI 300,000883,Hubei Energy Group Co Ltd,Shenzhen,0.21,CNY
2014-12-01,000300,CSI 300,000895,Henan Shuanghui Investment & Development Co Ltd,Shenzhen,0.30,CNY
2014-12-01,000300,CSI 300,000917,Hunan TV & Broadcast Intermediary Co Ltd,Shenzhen,0.19,CNY
2014-12-01,000300,CSI 300,000937,Jizhong Energy Resources Co Ltd,Shenzhen,0.10,CNY
2014-12-01,000300,CSI 300,000960,Yunnan Tin Co Ltd,Shenzhen,0.12,CNY
2014-12-01,000300,CSI 300,000961,"Jiangsu Zhongnan Construction Group Co.,Ltd",Shenzhen,0.06,CNY
2014-12-01,000300,CSI 300,000963,Huadong Medicine Co Ltd,Shenzhen,0.18,CNY
2014-12-01,000300,CSI 300,000970,Beijing Zhong Ke San Huan High-Tech Co Ltd,Shenzhen,0.21,CNY
2014-12-01,000300,CSI 300,000983,Shanxi Xishan Coal And Electricity Power Co Ltd,Shenzhen,0.17,CNY
2014-12-01,000300,CSI 300,000999,China Resources Sanjiu Medical & Pharmaceutical Co Ltd,Shenzhen,0.13,CNY
2014-12-01,000300,CSI 300,002001,Zhejiang NHU Co Ltd,Shenzhen,0.13,CNY
2014-12-01,000300,CSI 300,002007,Hualan Biological Engineering INC,Shenzhen,0.16,CNY
2014-12-01,000300,CSI 300,002008,"Han's Laser Technology Industry Group Co., Ltd.",Shenzhen,0.22,CNY
2014-12-01,000300,CSI 300,002024,"SUNING COMMERCE GROUP CO., LTD.",Shenzhen,0.56,CNY
2014-12-01,000300,CSI 300,002038,Beijing SL Pharmaceutical Co Ltd,Shenzhen,0.18,CNY
2014-12-01,000300,CSI 300,002051,China CAMC Engineering Co Ltd,Shenzhen,0.12,CNY
2014-12-01,000300,CSI 300,002065,"DHC Software Co.,Ltd.",Shenzhen,0.19,CNY
2014-12-01,000300,CSI 300,002081,Suzhou Gold Mantis Construction Decoration Co Ltd,Shenzhen,0.25,CNY
2014-12-01,000300,CSI 300,002106,"Shenzhen Laibao High-Technology Co.,Ltd.",Shenzhen,0.10,CNY
2014-12-01,000300,CSI 300,002129,"Tianjin Zhonghuan Semiconductor Co., Ltd.",Shenzhen,0.14,CNY
2014-12-01,000300,CSI 300,002142,Bank of Ningbo Co Ltd,Shenzhen,0.26,CNY
2014-12-01,000300,CSI 300,002146,Risesun Real Estate Development Co Ltd,Shenzhen,0.11,CNY
2014-12-01,000300,CSI 300,002202,Xinjiang Goldwind Science & Technology Co Ltd,Shenzhen,0.28,CNY
2014-12-01,000300,CSI 300,002230,"Iflytek Co.,Ltd.",Shenzhen,0.26,CNY
2014-12-01,000300,CSI 300,002236,Zhejiang Dahua Technology Co Ltd,Shenzhen,0.22,CNY
2014-12-01,000300,CSI 300,002241,GoerTek Inc,Shenzhen,0.31,CNY
2014-12-01,000300,CSI 300,002252,Shanghai RAAS Blood Products Co Ltd,Shenzhen,0.17,CNY
2014-12-01,000300,CSI 300,002269,Shanghai Metersbonwe Fashion & Accessories Co Ltd,Shenzhen,0.06,CNY
2014-12-01,000300,CSI 300,002292,Guangdong Alpha Animation and Culture Co Ltd,Shenzhen,0.09,CNY
2014-12-01,000300,CSI 300,002294,Shenzhen Salubris Pharmaceuticals Co Ltd,Shenzhen,0.11,CNY
2014-12-01,000300,CSI 300,002304,Jiangsu Yanghe Brewery Joint-Stock Co Ltd,Shenzhen,0.32,CNY
2014-12-01,000300,CSI 300,002310,Beijing Orient Landscape Co Ltd,Shenzhen,0.11,CNY
2014-12-01,000300,CSI 300,002344,Haining China Leather Market Co Ltd,Shenzhen,0.12,CNY
2014-12-01,000300,CSI 300,002353,Yantai Jereh Oilfield Services Group Co Ltd,Shenzhen,0.19,CNY
2014-12-01,000300,CSI 300,002375,Zhejiang Yasha Decoration Co Ltd,Shenzhen,0.11,CNY
2014-12-01,000300,CSI 300,002385,Beijing Dabeinong Technology Group Co Ltd,Shenzhen,0.19,CNY
2014-12-01,000300,CSI 300,002399,Shenzhen Hepalink Pharmaceutical Co Ltd,Shenzhen,0.10,CNY
2014-12-01,000300,CSI 300,002400,Guangdong Advertising Co Ltd,Shenzhen,0.16,CNY
2014-12-01,000300,CSI 300,002410,Glodon Software Co Ltd,Shenzhen,0.13,CNY
2014-12-01,000300,CSI 300,002415,Hangzhou Hikvision Digital Technology Co Ltd,Shenzhen,0.38,CNY
2014-12-01,000300,CSI 300,002416,Shenzhen Aisidi Co Ltd,Shenzhen,0.05,CNY
2014-12-01,000300,CSI 300,002422,Sichuan Kelun Pharmaceutical Co Ltd,Shenzhen,0.18,CNY
2014-12-01,000300,CSI 300,002429,Shenzhen MTC Co Ltd,Shenzhen,0.08,CNY
2014-12-01,000300,CSI 300,002450,"Jiangsu Kangde Xin Composite Material Co.,Ltd.",Shenzhen,0.38,CNY
2014-12-01,000300,CSI 300,002456,Shenzhen O-film Tech Co Ltd,Shenzhen,0.22,CNY
2014-12-01,000300,CSI 300,002465,Guangzhou Haige Communications Group Incorporated Company,Shenzhen,0.20,CNY
2014-12-01,000300,CSI 300,002470,"Kingenta Ecological Engineering Group Co., Ltd",Shenzhen,0.10,CNY
2014-12-01,000300,CSI 300,002475,"Luxshare Precision Industry Co., Ltd.",Shenzhen,0.11,CNY
2014-12-01,000300,CSI 300,002500,Shanxi Securities Co Ltd,Shenzhen,0.19,CNY
2014-12-01,000300,CSI 300,002570,"Beingmate Baby & Child Food Co., Ltd.",Shenzhen,0.15,CNY
2014-12-01,000300,CSI 300,002594,BYD Co Ltd,Shenzhen,0.31,CNY
2014-12-01,000300,CSI 300,002603,Shijiazhuang Yiling Pharmaceutical Co Ltd,Shenzhen,0.06,CNY
2014-12-01,000300,CSI 300,002653,"Xizang Haisco Pharmaceutical Group CO., LTD",Shenzhen,0.06,CNY
2014-12-01,000300,CSI 300,002673,"WESTERN SECURITIES CO., LTD",Shenzhen,0.11,CNY
2014-12-01,000300,CSI 300,600000,Shanghai Pudong Development Bank Co Ltd,Shanghai,2.09,CNY
2014-12-01,000300,CSI 300,600008,Beijing Capital Co Ltd,Shanghai,0.13,CNY
2014-12-01,000300,CSI 300,600009,Shanghai International Airport Co Ltd,Shanghai,0.25,CNY
2014-12-01,000300,CSI 300,600010,Inner Mongolia Baotou Steel Union Co Ltd,Shanghai,0.40,CNY
2014-12-01,000300,CSI 300,600011,Huaneng Power International Inc,Shanghai,0.43,CNY
2014-12-01,000300,CSI 300,600015,Hua Xia Bank Co Ltd,Shanghai,0.71,CNY
2014-12-01,000300,CSI 300,600016,China Minsheng Banking Corp Ltd,Shanghai,2.99,CNY
2014-12-01,000300,CSI 300,600018,Shanghai International Port (Group) Co Ltd,Shanghai,0.40,CNY
2014-12-01,000300,CSI 300,600019,Baoshan Iron &Steel Co Ltd,Shanghai,0.41,CNY
2014-12-01,000300,CSI 300,600023,"Zhejiang Zheneng Electric Power Co., Ltd.",Shanghai,0.07,CNY
2014-12-01,000300,CSI 300,600027,Huadian Power International Corporation Ltd,Shanghai,0.15,CNY
2014-12-01,000300,CSI 300,600028,China Petroleum & Chemical Corporation,Shanghai,0.47,CNY
2014-12-01,000300,CSI 300,600029,China Southern Airlines Co Ltd,Shanghai,0.25,CNY
2014-12-01,000300,CSI 300,600030,CITIC Securities Co Ltd,Shanghai,2.12,CNY
2014-12-01,000300,CSI 300,600031,Sany Heavy Industry Co Ltd,Shanghai,0.31,CNY
2014-12-01,000300,CSI 300,600036,China Merchants Bank Co Ltd,Shanghai,3.07,CNY
2014-12-01,000300,CSI 300,600048,Poly Real Estate Group Co Ltd,Shanghai,0.69,CNY
2014-12-01,000300,CSI 300,600050,China United Network Communications Co Ltd,Shanghai,0.51,CNY
2014-12-01,000300,CSI 300,600058,Minmetals Development Co Ltd,Shanghai,0.09,CNY
2014-12-01,000300,CSI 300,600060,Hisense Electric Co Ltd,Shanghai,0.14,CNY
2014-12-01,000300,CSI 300,600062,"CHINA RESOURCES DOUBLE-CRANE PHARMACEUTICAL CO.,LTD.",Shanghai,0.11,CNY
2014-12-01,000300,CSI 300,600066,Zhengzhou Yutong Bus Co Ltd,Shanghai,0.25,CNY
2014-12-01,000300,CSI 300,600068,China Gezhouba Group Co Ltd,Shanghai,0.21,CNY
2014-12-01,000300,CSI 300,600079,"Humanwell Healthcare (Group) Co., Ltd.",Shanghai,0.17,CNY
2014-12-01,000300,CSI 300,600085,Beijing Tongrentang Co Ltd,Shanghai,0.21,CNY
2014-12-01,000300,CSI 300,600089,TBEA Co Ltd,Shanghai,0.50,CNY
2014-12-01,000300,CSI 300,600096,Yunnan Yuntianhua Co Ltd,Shanghai,0.07,CNY
2014-12-01,000300,CSI 300,600100,Tsinghua Tongfang Co Ltd,Shanghai,0.28,CNY
2014-12-01,000300,CSI 300,600104,SAIC Motor Co Ltd,Shanghai,0.99,CNY
2014-12-01,000300,CSI 300,600108,Gansu Yasheng Industrial (Group) Co Ltd,Shanghai,0.22,CNY
2014-12-01,000300,CSI 300,600109,Sinolink Securities Co. Ltd.,Shanghai,0.40,CNY
2014-12-01,000300,CSI 300,600111,"Inner Mongolia Baotou Steel Rare-Earth(Group) Hi-Tech Co.,Ltd",Shanghai,0.50,CNY
2014-12-01,000300,CSI 300,600115,China Eastern Airlines Corp Ltd,Shanghai,0.23,CNY
2014-12-01,000300,CSI 300,600118,China Spacesat Co Ltd,Shanghai,0.19,CNY
2014-12-01,000300,CSI 300,600123,Shanxi Lanhua Science-Tech Venture Co Ltd,Shanghai,0.10,CNY
2014-12-01,000300,CSI 300,600143,Kingfa Sci&Tech Co Ltd,Shanghai,0.15,CNY
2014-12-01,000300,CSI 300,600150,China CSSC Holdings Limited,Shanghai,0.38,CNY
2014-12-01,000300,CSI 300,600153,Xiamen C&D Inc,Shanghai,0.21,CNY
2014-12-01,000300,CSI 300,600157,Wintime Energy Co Ltd,Shanghai,0.15,CNY
2014-12-01,000300,CSI 300,600166,Beiqi Foton Motor Co Ltd,Shanghai,0.16,CNY
2014-12-01,000300,CSI 300,600170,Shanghai Construction Co Ltd,Shanghai,0.13,CNY
2014-12-01,000300,CSI 300,600177,Youngor Group Co Ltd,Shanghai,0.23,CNY
2014-12-01,000300,CSI 300,600188,Yanzhou Coal Mining Co Ltd,Shanghai,0.11,CNY
2014-12-01,000300,CSI 300,600196,Shanghai Fosun Pharmaceutical (Group) Co Ltd,Shanghai,0.36,CNY
2014-12-01,000300,CSI 300,600208,Xinhu Zhongbao Co Ltd,Shanghai,0.24,CNY
2014-12-01,000300,CSI 300,600216,Zhejiang Medicine Co Ltd,Shanghai,0.11,CNY
2014-12-01,000300,CSI 300,600219,"Shandong Nanshan Aluminium Co., Ltd.",Shanghai,0.14,CNY
2014-12-01,000300,CSI 300,600221,Hainan Airlines Co Ltd,Shanghai,0.29,CNY
2014-12-01,000300,CSI 300,600252,Guangxi Wuzhou Zhongheng Group Co Ltd,Shanghai,0.22,CNY
2014-12-01,000300,CSI 300,600256,"GUANGHUI ENERGY CO., LTD.",Shanghai,0.38,CNY
2014-12-01,000300,CSI 300,600259,"Rising Nonferrous Metals Share Co., Ltd.",Shanghai,0.10,CNY
2014-12-01,000300,CSI 300,600267,Zhejiang Hisun Pharmaceutical Co Ltd,Shanghai,0.13,CNY
2014-12-01,000300,CSI 300,600271,"Aisino Co.,Ltd",Shanghai,0.25,CNY
2014-12-01,000300,CSI 300,600276,Jiangsu Hengrui Medicine Co Ltd,Shanghai,0.42,CNY
2014-12-01,000300,CSI 300,600277,Inner Mongolia Yili Energy Company Limited,Shanghai,0.05,CNY
2014-12-01,000300,CSI 300,600309,"Wanhua Chemical Group Co., Ltd.",Shanghai,0.30,CNY
2014-12-01,000300,CSI 300,600315,Shanghai Jahwa United Co Ltd,Shanghai,0.26,CNY
2014-12-01,000300,CSI 300,600316,Jiangxi Hongdu Aviation Industry Co Ltd,Shanghai,0.17,CNY
2014-12-01,000300,CSI 300,600332,GUANGZHOU BAIYUNSHAN PHARMACEUTICAL HOLDINGS COMPANY LIMITED,Shanghai,0.22,CNY
2014-12-01,000300,CSI 300,600340,"China Fortune Land Development Co., Ltd.",Shanghai,0.30,CNY
2014-12-01,000300,CSI 300,600348,"Yang Quan Coal Industry (Group) Co., Ltd",Shanghai,0.14,CNY
2014-12-01,000300,CSI 300,600352,Zhejiang Longsheng Group Co Ltd,Shanghai,0.25,CNY
2014-12-01,000300,CSI 300,600362,Jiangxi Copper Co Ltd,Shanghai,0.20,CNY
2014-12-01,000300,CSI 300,600369,Southwest Securities Co Ltd,Shanghai,0.18,CNY
2014-12-01,000300,CSI 300,600372,"China Avic Electronics Co.,Ltd.",Shanghai,0.20,CNY
2014-12-01,000300,CSI 300,600376,"Beijing Capital Development Co.,Ltd.",Shanghai,0.12,CNY
2014-12-01,000300,CSI 300,600383,Gemdale Corporation,Shanghai,0.61,CNY
2014-12-01,000300,CSI 300,600395,Guizhou Panjiang Refined Coal Co Ltd,Shanghai,0.08,CNY
2014-12-01,000300,CSI 300,600403,"Henan Dayou Energy Co., Ltd",Shanghai,0.05,CNY
2014-12-01,000300,CSI 300,600406,"NARI Technology Co., Ltd.",Shanghai,0.35,CNY
2014-12-01,000300,CSI 300,600415,Zhejiang China Commodities City Group Co Ltd,Shanghai,0.21,CNY
2014-12-01,000300,CSI 300,600436,Zhangzhou Pientzehuang Pharmaceutical Co Ltd,Shanghai,0.11,CNY
2014-12-01,000300,CSI 300,600489,Zhongjin Gold Co Ltd,Shanghai,0.21,CNY
2014-12-01,000300,CSI 300,600497,Yunnan Chihong Zinc&Germanium Co Ltd,Shanghai,0.17,CNY
2014-12-01,000300,CSI 300,600498,Fiberhome Telecommunication Technologies Co Ltd,Shanghai,0.12,CNY
2014-12-01,000300,CSI 300,600516,"Fangda Carbon New Material Co.,Ltd",Shanghai,0.14,CNY
2014-12-01,000300,CSI 300,600518,Kangmei Pharmaceutical Co Ltd,Shanghai,0.37,CNY
2014-12-01,000300,CSI 300,600519,Kweichow Moutai Co Ltd,Shanghai,1.12,CNY
2014-12-01,000300,CSI 300,600535,"TASLY PHARMACEUTICAL GROUP CO.,LTD",Shanghai,0.39,CNY
2014-12-01,000300,CSI 300,600546,"Shanxi Coal International Energy Group Co., Ltd",Shanghai,0.08,CNY
2014-12-01,000300,CSI 300,600547,Shandong Gold-Mining Co Ltd,Shanghai,0.21,CNY
2014-12-01,000300,CSI 300,600549,Xiamen Tungsten Co Ltd,Shanghai,0.17,CNY
2014-12-01,000300,CSI 300,600583,Offshore Oil Engineering Co Ltd,Shanghai,0.21,CNY
2014-12-01,000300,CSI 300,600585,Anhui Conch Cement Co Ltd,Shanghai,0.55,CNY
2014-12-01,000300,CSI 300,600588,"Yonyou Software Co., Ltd",Shanghai,0.22,CNY
2014-12-01,000300,CSI 300,600597,Bright Dairy & Food Co Ltd,Shanghai,0.15,CNY
2014-12-01,000300,CSI 300,600600,Tsingtao Brewery Co Ltd,Shanghai,0.21,CNY
2014-12-01,000300,CSI 300,600633,"Zhe Jiang Daily Media Group Co.,Ltd",Shanghai,0.06,CNY
2014-12-01,000300,CSI 300,600637,"BesTV New Media Co., Ltd.",Shanghai,0.40,CNY
2014-12-01,000300,CSI 300,600642,Shenergy Co Ltd,Shanghai,0.19,CNY
2014-12-01,000300,CSI 300,600648,Shanghai Wai Gaoqiao Free Trade Zone Development Co Ltd,Shanghai,0.13,CNY
2014-12-01,000300,CSI 300,600649,"Shanghai Chengtou Holding Co., Ltd.",Shanghai,0.17,CNY
2014-12-01,000300,CSI 300,600655,Shanghai Yuyuan Tourist Mart Co Ltd,Shanghai,0.18,CNY
2014-12-01,000300,CSI 300,600660,"Fuyao Glass Industry Group Co.,Ltd",Shanghai,0.25,CNY
2014-12-01,000300,CSI 300,600663,Shanghai Lujiazui Finance and Trade Zone Development Co Ltd,Shanghai,0.19,CNY
2014-12-01,000300,CSI 300,600664,Harbin Pharmaceutical Group Co Ltd,Shanghai,0.11,CNY
2014-12-01,000300,CSI 300,600674,Sichuan Chuantou Energy Co Ltd,Shanghai,0.28,CNY
2014-12-01,000300,CSI 300,600688,Sinopec Shanghai Petrochemical Co Ltd,Shanghai,0.13,CNY
2014-12-01,000300,CSI 300,600690,Qingdao Haier Co Ltd,Shanghai,0.41,CNY
2014-12-01,000300,CSI 300,600703,"Sanan Optoelectronics Co.,Ltd",Shanghai,0.25,CNY
2014-12-01,000300,CSI 300,600705,"AVIC CAPITAL CO.,LTD.",Shanghai,0.22,CNY
2014-12-01,000300,CSI 300,600718,Neusoft Corporation,Shanghai,0.21,CNY
2014-12-01,000300,CSI 300,600739,Liaoning Cheng Da Co Ltd,Shanghai,0.39,CNY
2014-12-01,000300,CSI 300,600741,HUAYU Automotive Systems Company Limited,Shanghai,0.24,CNY
2014-12-01,000300,CSI 300,600783,"Luxin Venture Capital Group Co.,Ltd.",Shanghai,0.08,CNY
2014-12-01,000300,CSI 300,600795,GD Power Development Co Ltd,Shanghai,0.40,CNY
2014-12-01,000300,CSI 300,600804,"DR. PENG TELECOM&MEDIA GROUP CO., LTD.",Shanghai,0.29,CNY
2014-12-01,000300,CSI 300,600809,Shanxi Xinghuacun Fen Wine Factory Co Ltd,Shanghai,0.08,CNY
2014-12-01,000300,CSI 300,600827,"Shanghai Bailian Group Co.,Ltd.",Shanghai,0.19,CNY
2014-12-01,000300,CSI 300,600832,Shanghai Oriental Pearl (Group) Co Ltd,Shanghai,0.36,CNY
2014-12-01,000300,CSI 300,600837,Haitong Securities Company Limited,Shanghai,1.85,CNY
2014-12-01,000300,CSI 300,600839,Sichuan Changhong Electric Co Ltd,Shanghai,0.28,CNY
2014-12-01,000300,CSI 300,600863,Inner Mongolia Mengdian Huaneng Thermal Power Corp Ltd,Shanghai,0.15,CNY
2014-12-01,000300,CSI 300,600867,"Tonghua Dongbao Pharmaceutical Co.,Ltd.",Shanghai,0.23,CNY
2014-12-01,000300,CSI 300,600873,"Meihua Holdings Group Co., Ltd",Shanghai,0.15,CNY
2014-12-01,000300,CSI 300,600875,Dongfang Electric Corporation Limited,Shanghai,0.17,CNY
2014-12-01,000300,CSI 300,600880,Chengdu B-ray Media Co Ltd,Shanghai,0.12,CNY
2014-12-01,000300,CSI 300,600886,"SDIC Power Holdings Co.,Ltd.",Shanghai,0.38,CNY
2014-12-01,000300,CSI 300,600887,Inner Mongolia Yili Industrial Group Co Ltd,Shanghai,0.97,CNY
2014-12-01,000300,CSI 300,600893,Xi'An Aero-Engine Plc,Shanghai,0.25,CNY
2014-12-01,000300,CSI 300,600895,Shanghai Zhangjiang Hi-tech Park Development Co Ltd,Shanghai,0.13,CNY
2014-12-01,000300,CSI 300,600900,China Yangtze Power Co Ltd,Shanghai,0.68,CNY
2014-12-01,000300,CSI 300,600998,Jointown Pharmaceutical Group Co Ltd,Shanghai,0.08,CNY
2014-12-01,000300,CSI 300,600999,China Merchants Securities Co Ltd,Shanghai,0.68,CNY
2014-12-01,000300,CSI 300,601006,Daqin Railway Co Ltd,Shanghai,0.86,CNY
2014-12-01,000300,CSI 300,601009,Bank of Nanjing Co Ltd,Shanghai,0.41,CNY
2014-12-01,000300,CSI 300,601018,Ningbo Port Co Ltd,Shanghai,0.23,CNY
2014-12-01,000300,CSI 300,601088,China Shenhua Energy Co Ltd,Shanghai,0.83,CNY
2014-12-01,000300,CSI 300,601098,China South Publishing & Media Group Co Ltd,Shanghai,0.16,CNY
2014-12-01,000300,CSI 300,601111,Air China Ltd,Shanghai,0.16,CNY
2014-12-01,000300,CSI 300,601117,China National Chemical Engineering Co Ltd,Shanghai,0.21,CNY
2014-12-01,000300,CSI 300,601118,China Hainan Rubber Industry Group Co Ltd,Shanghai,0.17,CNY
2014-12-01,000300,CSI 300,601139,Shenzhen Gas Co Ltd,Shanghai,0.05,CNY
2014-12-01,000300,CSI 300,601158,Chongqing Water Group Co Ltd,Shanghai,0.10,CNY
2014-12-01,000300,CSI 300,601166,Industrial Bank,Shanghai,2.09,CNY
2014-12-01,000300,CSI 300,601168,Western Mining Co Ltd,Shanghai,0.22,CNY
2014-12-01,000300,CSI 300,601169,Bank of Beijing Co Ltd,Shanghai,0.87,CNY
2014-12-01,000300,CSI 300,601179,China XD Electric Co Ltd,Shanghai,0.17,CNY
2014-12-01,000300,CSI 300,601186,China Railway Construction Co Ltd,Shanghai,0.40,CNY
2014-12-01,000300,CSI 300,601216,Inner Mongolia Junzheng Energy & Chemical Industry Co Ltd,Shanghai,0.10,CNY
2014-12-01,000300,CSI 300,601225,Shaanxi Coal Industry Company Limited,Shanghai,0.05,CNY
2014-12-01,000300,CSI 300,601231,"Universal Scientific Industrial (Shanghai) Co.,Ltd.",Shanghai,0.05,CNY
2014-12-01,000300,CSI 300,601238,"Guangzhou Automobile Group Co., Ltd.",Shanghai,0.11,CNY
2014-12-01,000300,CSI 300,601258,Pangda Automobile Trade Co Ltd,Shanghai,0.09,CNY
2014-12-01,000300,CSI 300,601288,Agricultural Bank of China Co Ltd,Shanghai,1.12,CNY
2014-12-01,000300,CSI 300,601299,China CNR Co Ltd,Shanghai,0.40,CNY
2014-12-01,000300,CSI 300,601318,Ping An Insurance (Group) Company of China Ltd,Shanghai,3.73,CNY
2014-12-01,000300,CSI 300,601328,Bank of Communications Co LTD,Shanghai,1.31,CNY
2014-12-01,000300,CSI 300,601333,Guangshen Railway Company Limited,Shanghai,0.19,CNY
2014-12-01,000300,CSI 300,601336,New China Life Insurance Co Ltd,Shanghai,0.52,CNY
2014-12-01,000300,CSI 300,601377,Industrial Securities Co Ltd,Shanghai,0.54,CNY
2014-12-01,000300,CSI 300,601390,China Railway Group Limited,Shanghai,0.52,CNY
2014-12-01,000300,CSI 300,601398,Industrial and Commercial Bank of China Ltd,Shanghai,1.05,CNY
2014-12-01,000300,CSI 300,601555,Soochow Securities Co Ltd,Shanghai,0.27,CNY
2014-12-01,000300,CSI 300,601600,Aluminum Corporation of China Limited,Shanghai,0.20,CNY
2014-12-01,000300,CSI 300,601601,China Pacific Insurance (Group) Co Ltd,Shanghai,1.14,CNY
2014-12-01,000300,CSI 300,601607,"Shanghai Pharmaceuticals Holding Co.,Ltd",Shanghai,0.23,CNY
2014-12-01,000300,CSI 300,601618,Metallurgical Corporation of China Co Ltd,Shanghai,0.22,CNY
2014-12-01,000300,CSI 300,601628,China Life Insurance Company Limited,Shanghai,0.50,CNY
2014-12-01,000300,CSI 300,601633,Great Wall Motor Co Ltd,Shanghai,0.22,CNY
2014-12-01,000300,CSI 300,601666,Pingdingshan Tianan Coal Mining Co Ltd,Shanghai,0.10,CNY
2014-12-01,000300,CSI 300,601668,China State Construction Engineering Co Ltd,Shanghai,0.97,CNY
2014-12-01,000300,CSI 300,601669,"Power Construction Corporation of China,Ltd",Shanghai,0.25,CNY
2014-12-01,000300,CSI 300,601688,Huatai Securities Co Ltd,Shanghai,0.80,CNY
2014-12-01,000300,CSI 300,601699,Shanxi Lu'an Environmental Energy Development Co Ltd,Shanghai,0.15,CNY
2014-12-01,000300,CSI 300,601766,CSR Co Ltd,Shanghai,0.42,CNY
2014-12-01,000300,CSI 300,601800,China Communications Construction Company Limited,Shanghai,0.26,CNY
2014-12-01,000300,CSI 300,601808,China Oilfield Services Limited,Shanghai,0.16,CNY
2014-12-01,000300,CSI 300,601818,China Everbright Bank Co Ltd,Shanghai,1.19,CNY
2014-12-01,000300,CSI 300,601857,PetroChina Co Ltd,Shanghai,0.49,CNY
2014-12-01,000300,CSI 300,601866,China Shipping Container Lines Co Ltd,Shanghai,0.18,CNY
2014-12-01,000300,CSI 300,601888,China International Travel Service Co Ltd,Shanghai,0.18,CNY
2014-12-01,000300,CSI 300,601898,China Coal Energy Co Ltd,Shanghai,0.16,CNY
2014-12-01,000300,CSI 300,601899,Zijin Mining Group Co Ltd,Shanghai,0.34,CNY
2014-12-01,000300,CSI 300,601901,Founder Securities Co Ltd,Shanghai,0.62,CNY
2014-12-01,000300,CSI 300,601918,SDIC Xinji Energy Co Ltd,Shanghai,0.09,CNY
2014-12-01,000300,CSI 300,601928,Jiangsu Phoenix Publishing & Media Co Ltd,Shanghai,0.12,CNY
2014-12-01,000300,CSI 300,601929,"JISHI MEDIA CO.,LTD.",Shanghai,0.16,CNY
2014-12-01,000300,CSI 300,601933,Yonghui Superstores Co Ltd,Shanghai,0.19,CNY
2014-12-01,000300,CSI 300,601939,China Construction Bank,Shanghai,0.71,CNY
2014-12-01,000300,CSI 300,601958,Jinduicheng Molybdenum Co Ltd,Shanghai,0.14,CNY
2014-12-01,000300,CSI 300,601988,Bank of China Ltd,Shanghai,0.34,CNY
2014-12-01,000300,CSI 300,601989,China Shipbuilding Industry Co Ltd,Shanghai,0.68,CNY
2014-12-01,000300,CSI 300,601991,"Datang International Power Generation Co.,Ltd.",Shanghai,0.21,CNY
2014-12-01,000300,CSI 300,601992,BBMG Corporation,Shanghai,0.15,CNY
2014-12-01,000300,CSI 300,601998,China Citic Bank Corporation Limited,Shanghai,0.29,CNY
2014-12-01,000300,CSI 300,603000,"People.cn CO.,LTD",Shanghai,0.18,CNY
2014-12-01,000300,CSI 300,603699,"Neway Valve (Suzhou) Co., Ltd.",Shanghai,0.05,CNY
2014-12-01,000300,CSI 300,603993,"China Molybdenum Co., Ltd.",Shanghai,0.03,CNY
